n_samples,n_features,ratio,variance,correlation,imbalance,missing,risk
150,4,0.02666666666666667,1.1432392617449665,0.6955870193201166,0.3333333333333333,0.0,Safe Dataset
569,30,0.05272407732864675,15063.21854191329,0.4150667380470487,0.6274165202108963,0.0,Safe Dataset
178,13,0.07303370786516854,7645.500383967176,0.35842229047724516,0.398876404494382,0.0,Safe Dataset
1797,64,0.035614913745130775,18.78355800251099,0.13794412412178192,0.1018363939899833,0.0,Safe Dataset
